"Status","Start Time","Stop Time","Duration in ms","Parent Suite","Suite","Sub Suite","Test Class","Test Method","Name","Description"
"passed","Mon Mar 29 22:47:55 CST 2021","Mon Mar 29 22:47:55 CST 2021","0","","test_cal","TestCal","","","相除功能",""
"passed","Mon Mar 29 22:47:55 CST 2021","Mon Mar 29 22:47:55 CST 2021","0","","test_cal","TestCal","","","相减功能",""
"passed","Mon Mar 29 22:47:55 CST 2021","Mon Mar 29 22:47:55 CST 2021","0","","test_cal","TestCal","","","相除功能",""
"failed","Mon Mar 29 22:47:55 CST 2021","Mon Mar 29 22:47:55 CST 2021","0","","test_cal","TestCal","","","相乘功能",""
"failed","Mon Mar 29 22:47:55 CST 2021","Mon Mar 29 22:47:55 CST 2021","0","","test_cal","TestCal","","","相减功能",""
"failed","Mon Mar 29 22:47:55 CST 2021","Mon Mar 29 22:47:55 CST 2021","0","","test_cal","TestCal","","","相除功能",""
"failed","Mon Mar 29 22:47:55 CST 2021","Mon Mar 29 22:47:55 CST 2021","0","","test_cal","TestCal","","","相减功能",""
"passed","Mon Mar 29 22:47:55 CST 2021","Mon Mar 29 22:47:55 CST 2021","0","","test_cal","TestCal","","","相加功能",""
"failed","Mon Mar 29 22:47:55 CST 2021","Mon Mar 29 22:47:55 CST 2021","1","","test_cal","TestCal","","","相乘功能",""
"passed","Mon Mar 29 22:47:55 CST 2021","Mon Mar 29 22:47:55 CST 2021","1","","test_cal","TestCal","","","相加功能",""
"failed","Mon Mar 29 22:47:55 CST 2021","Mon Mar 29 22:47:55 CST 2021","0","","test_cal","TestCal","","","相加功能",""
"failed","Mon Mar 29 22:47:55 CST 2021","Mon Mar 29 22:47:55 CST 2021","0","","test_cal","TestCal","","","相乘功能",""
"passed","Mon Mar 29 22:47:55 CST 2021","Mon Mar 29 22:47:55 CST 2021","0","","test_cal","TestCal","","","相减功能",""
